Symbol,Date,Open,High,Low,Close,Percent Change,Volume
NABIL,7/4/2024,485,490,480,487,0.62%,"58,487.00"
NABIL,7/3/2024,477,484,469,484,1.45%,"48,855.00"
NABIL,7/2/2024,467.9,499.3,466,477.1,3.99%,"93,437.00"
NABIL,7/1/2024,457,458.8,450,458.8,1.50%,"31,786.00"
NABIL,6/30/2024,456.9,461,450.8,452,-0.88%,"55,043.00"
NABIL,6/27/2024,456,457,454.6,456,0.00%,"29,699.00"
NABIL,6/26/2024,458.8,460,455.1,456,-0.48%,"57,007.00"
NABIL,6/25/2024,462,465,455.3,458.2,-0.63%,"56,926.00"
NABIL,6/24/2024,464,467,461.1,461.1,-1.05%,"45,036.00"
NABIL,6/23/2024,469,469,465,466,-0.87%,"53,680.00"
NABIL,6/20/2024,481.4,481.4,469.6,470.1,-0.40%,"51,724.00"
NABIL,6/19/2024,469,475,469,472,0.64%,"29,603.00"
NABIL,6/18/2024,483,483,468.7,469,-1.26%,"43,382.00"
NABIL,6/16/2024,488.6,488.6,473.2,475,-0.86%,"48,170.00"
NABIL,6/13/2024,490,490,479,479.1,-0.81%,"63,580.00"
NABIL,6/12/2024,480,490,480,483,1.05%,"45,437.00"
NABIL,6/11/2024,477.3,478.1,466.1,478,2.14%,"50,026.00"
NABIL,6/10/2024,483.4,483.4,462.6,468,-1.27%,"57,462.00"
NABIL,6/9/2024,486.5,486.5,474,474,-0.63%,"42,853.00"
NABIL,6/6/2024,480.1,485,477,477,-0.63%,"40,452.00"
NABIL,6/5/2024,483,487.6,479,480,-0.62%,"43,444.00"
NABIL,6/4/2024,493,493,480.3,483,-0.39%,"37,907.00"
NABIL,6/3/2024,496.9,497,484,484.9,-1.04%,"46,126.00"
NABIL,6/2/2024,476,490.5,476,490,2.45%,"77,895.00"
NABIL,5/30/2024,485,492,469.8,478.3,-2.19%,"104,947.00"
NABIL,5/29/2024,505,522,488.5,489,-3.72%,"124,575.00"
NABIL,5/27/2024,523.9,523.9,500.2,507.9,-1.76%,"101,039.00"
NABIL,5/26/2024,515,532,507,517,0.58%,"257,882.00"
NABIL,5/22/2024,480.9,515,480.9,514,6.88%,"307,056.00"
NABIL,5/21/2024,460,481,457,480.9,5.00%,"144,313.00"
NABIL,5/20/2024,443,463.4,441,458,4.81%,"97,887.00"
NABIL,5/19/2024,439.6,439.6,432.2,437,1.39%,"47,893.00"
NABIL,5/16/2024,442.6,442.6,428,431,-0.69%,"40,117.00"
NABIL,5/15/2024,440,441,434,434,0.12%,"36,943.00"
NABIL,5/14/2024,435.5,435.5,430,433.5,0.63%,"35,940.00"
NABIL,5/13/2024,426,431.5,422.4,430.8,2.09%,"68,228.00"
NABIL,5/12/2024,421.1,425,420,422,-0.17%,"44,038.00"
NABIL,5/9/2024,428,428,419,422.7,-0.42%,"40,811.00"
NABIL,5/8/2024,427,427,422,424.5,0.59%,"18,323.00"
NABIL,5/7/2024,422.3,430.7,421.9,422,-0.47%,"38,545.00"
NABIL,5/6/2024,427,427,423,424,-0.47%,"26,747.00"
NABIL,5/5/2024,430,432,425,426,-0.81%,"41,759.00"
NABIL,5/2/2024,440.1,440.1,427.5,429.5,-0.46%,"47,931.00"
NABIL,4/30/2024,437.5,437.5,426,431.5,0.58%,"44,100.00"
NABIL,4/29/2024,435.5,435.5,424.5,429,0.47%,"51,708.00"
NABIL,4/28/2024,435.8,435.8,427,427,-0.07%,"43,925.00"
NABIL,4/25/2024,429,433,427,427.3,-0.40%,"52,043.00"
NABIL,4/24/2024,430,435,428.5,429,0.00%,"35,268.00"
NABIL,4/22/2024,428,435,428,429,0.23%,"30,359.00"
NABIL,4/21/2024,437,437,422,428,-0.44%,"68,601.00"
NABIL,4/18/2024,434,434,429,429.9,-0.72%,"39,409.00"
NABIL,4/16/2024,435,435,431,433,-0.46%,"33,034.00"
NABIL,4/15/2024,438,439,434.1,435,-0.68%,"33,297.00"
NABIL,4/14/2024,438,446,436.6,438,0.00%,"37,958.00"
NABIL,4/10/2024,440,442,436,438,-0.23%,"46,883.00"
NABIL,4/9/2024,446.7,446.7,432,439,0.23%,"51,408.00"
NABIL,4/7/2024,434,438,430.1,438,0.92%,"83,715.00"
NABIL,4/4/2024,434,436,432.7,434,0.00%,"37,125.00"
NABIL,4/3/2024,439,439,432,434,-0.46%,"40,271.00"
NABIL,4/2/2024,437,440,432,436,-0.68%,"26,386.00"
NABIL,4/1/2024,437,439,432,439,-0.23%,"44,256.00"
NABIL,3/31/2024,443,448,437.9,440,-0.56%,"55,639.00"
NABIL,3/28/2024,442,444,440,442.5,0.45%,"32,919.00"
NABIL,3/27/2024,442,447,440,440.5,-0.29%,"30,220.00"
NABIL,3/26/2024,445.1,448,440,441.8,-0.72%,"40,492.00"
NABIL,3/25/2024,458,458,444.4,445,-1.33%,"33,441.00"
NABIL,3/21/2024,459.9,459.9,449,451,-1.31%,"46,500.00"
NABIL,3/20/2024,463,465,456,457,-0.65%,"31,882.00"
NABIL,3/19/2024,460,462,456,460,-0.22%,"34,096.00"
NABIL,3/18/2024,473,473,459,461,-0.65%,"36,185.00"
NABIL,3/17/2024,478,480,462,464,-1.67%,"51,485.00"
NABIL,3/14/2024,480,480,468.3,471.9,-0.23%,"48,287.00"
NABIL,3/13/2024,477,479.9,467,473,0.85%,"66,733.00"
NABIL,3/12/2024,458.7,470,455,469,4.27%,"62,909.00"
NABIL,3/10/2024,448,451,447,449.8,0.97%,"38,263.00"
NABIL,3/7/2024,450,450,442,445.5,0.79%,"27,778.00"
NABIL,3/6/2024,448,450,440,442,-0.90%,"46,408.00"
NABIL,3/5/2024,459,459,435,446,-2.68%,"85,486.00"
NABIL,3/4/2024,432.4,458.3,432,458.3,8.09%,"14,359.00"
NABIL,3/3/2024,429.5,432,422,424,-1.28%,"57,099.00"
NABIL,2/29/2024,435,435,429,429.5,-1.26%,"84,087.00"
NABIL,2/28/2024,442,442,435,435,-0.64%,"32,394.00"
NABIL,2/27/2024,434,440,432.5,437.8,0.88%,"44,089.00"
NABIL,2/26/2024,436.5,440,430.1,434,-0.57%,"63,611.00"
NABIL,2/25/2024,445,445,434,436.5,-1.91%,"68,284.00"
NABIL,2/22/2024,450,452.9,443,445,-0.89%,"62,441.00"
NABIL,2/21/2024,450,454.8,448,449,0.00%,"61,605.00"
NABIL,2/20/2024,456,460,448,449,-1.90%,"90,305.00"
NABIL,2/18/2024,456,465,455.5,457.7,-1.04%,"65,595.00"
NABIL,2/15/2024,465,466,462,462.5,-0.64%,"51,339.00"
NABIL,2/14/2024,471.5,471.5,464.5,465.5,-1.27%,"63,187.00"
NABIL,2/13/2024,477,479.9,469.1,471.5,-1.15%,"83,243.00"
NABIL,2/12/2024,476,477,474,477,0.42%,"48,708.00"
NABIL,2/11/2024,486,486,474.5,475,-0.31%,"87,081.00"
NABIL,2/8/2024,476,480,475,476.5,0.29%,"40,791.00"
NABIL,2/7/2024,484.5,484.5,474.5,475.1,0.02%,"72,757.00"
NABIL,2/6/2024,479,484,475,475,0.00%,"62,626.00"
NABIL,2/5/2024,481,481,474.9,475,-0.42%,"65,154.00"
NABIL,2/4/2024,480.6,483.9,477,477,-0.75%,"79,654.00"
NABIL,2/1/2024,494.2,494.2,480,480.6,-0.83%,"88,972.00"
NABIL,1/31/2024,489,490,484.6,484.6,-0.49%,"101,519.00"
NABIL,1/30/2024,485,494,485,487,-0.20%,"58,884.00"
NABIL,1/29/2024,492,495,485,488,-0.61%,"112,649.00"
NABIL,1/28/2024,497,497,487.7,491,0.61%,"62,690.00"
NABIL,1/25/2024,492.5,492.5,483.2,488,0.64%,"78,635.00"
NABIL,1/24/2024,492,493,484,484.9,0.08%,"75,048.00"
NABIL,1/23/2024,489,496,484,484.5,-0.92%,"102,618.00"
NABIL,1/22/2024,495,495,486.5,489,-0.81%,"106,960.00"
NABIL,1/21/2024,504,504,492,493,-1.00%,"85,324.00"
NABIL,1/18/2024,507,507,498,498,-1.19%,"78,196.00"
NABIL,1/17/2024,503.5,512,503,504,0.60%,"111,028.00"
NABIL,1/16/2024,500,502,498,501,1.31%,"126,928.00"
NABIL,1/14/2024,500,501,493.5,494.5,0.30%,"66,912.00"
NABIL,1/11/2024,499,499.9,490,493,0.20%,"52,810.00"
NABIL,1/10/2024,495,500,490,492,0.41%,"91,478.00"
NABIL,1/9/2024,488.1,495,488.1,490,0.39%,"123,332.00"
NABIL,1/8/2024,495,495,488,488.1,-0.39%,"109,400.00"
NABIL,1/7/2024,500,500,489.5,490,-1.11%,"97,677.00"
NABIL,1/4/2024,498,500.9,495,495.5,-0.10%,"93,743.00"
NABIL,1/3/2024,500,501.5,488.6,496,-0.78%,"150,208.00"
NABIL,1/2/2024,506,510,498,499.9,-1.19%,"97,243.00"
NABIL,1/1/2024,513,513,505,505.9,-0.02%,"56,006.00"
NABIL,12/28/2023,499,514,499,506,-0.39%,"55,161.00"
NABIL,12/27/2023,520,520,508,508,-1.36%,"70,880.00"
NABIL,12/24/2023,523,527,515,515,-1.53%,"85,406.00"
NABIL,12/21/2023,520,525,520,523,0.58%,"91,036.00"
NABIL,12/20/2023,525,528,518.6,520,0.39%,"145,825.00"
NABIL,12/19/2023,523.2,523.2,514,518,0.97%,"91,419.00"
NABIL,12/18/2023,513.7,519.5,510,513,0.00%,"110,278.00"
NABIL,12/17/2023,515,518.9,493,513,-1.87%,"136,029.00"
NABIL,12/14/2023,525,527.9,521,522.8,0.35%,"63,175.00"
NABIL,12/13/2023,530,530,520,521,-0.04%,"62,488.00"
NABIL,12/12/2023,528,528,520,521.2,-0.15%,"61,512.00"
NABIL,12/11/2023,539,539,520,522,-1.23%,"71,048.00"
NABIL,12/10/2023,516.8,530,514,528.5,4.12%,"5,437.00"
NABIL,12/7/2023,513.5,514,501,507.6,0.51%,"16,317.00"
NABIL,12/6/2023,508,509,500,505,0.58%,"23,989.00"
NABIL,12/5/2023,504,510,502,502.1,0.02%,"34,084.00"
NABIL,12/4/2023,498,510,498,502,-0.79%,"35,110.00"
NABIL,12/3/2023,516,516,505,506,-0.57%,"33,642.00"
NABIL,11/30/2023,512,512,507,508.9,-0.59%,"34,128.00"
NABIL,11/29/2023,517,520,508.9,511.9,-0.99%,"46,655.00"
NABIL,11/28/2023,529.8,529.8,515.5,517,-1.71%,"32,419.00"
NABIL,11/27/2023,540,540,522,526,-1.39%,"35,690.00"
NABIL,11/26/2023,510,533.4,499,533.4,3.57%,"143,911.00"
NABIL,11/23/2023,549.9,549.9,505.1,515,-8.20%,"254,979.00"
NABIL,11/22/2023,563,563,558,561,0.00%,"38,556.00"
NABIL,11/21/2023,566,575,560,561,-0.71%,"33,672.00"
NABIL,11/20/2023,572,572.5,562,565,-0.74%,"37,308.00"
NABIL,11/9/2023,571.5,571.5,569,569.2,-0.40%,"25,721.00"
NABIL,11/8/2023,571,575,568,571.5,0.28%,"28,864.00"
NABIL,11/7/2023,577.8,577.8,567,569.9,0.33%,"32,456.00"
NABIL,11/6/2023,570,577,567,568,0.35%,"29,139.00"
NABIL,11/5/2023,572,573,564,566,-1.20%,"50,715.00"
NABIL,11/2/2023,582,582,572,572.9,-0.81%,"36,808.00"
NABIL,11/1/2023,575,580,575,577.6,-0.07%,"18,731.00"
NABIL,10/31/2023,579,585,575,578,-0.34%,"25,726.00"
NABIL,10/30/2023,575,580,572,580,-0.17%,"39,951.00"
NABIL,10/29/2023,590,590.4,579.2,581,-1.53%,"37,365.00"
NABIL,10/19/2023,596.5,596.5,586,590,0.08%,"66,181.00"
NABIL,10/18/2023,583,589.9,573,589.5,3.04%,"27,895.00"
NABIL,10/17/2023,579,580,570,572.1,0.72%,"37,883.00"
NABIL,10/16/2023,578,578,566.5,568,0.19%,"30,777.00"
NABIL,10/12/2023,570,570,560.5,566.9,-0.02%,"50,839.00"
NABIL,10/11/2023,570,570.9,566.5,567,-0.35%,"58,358.00"
NABIL,10/10/2023,572,575,568,569,-0.49%,"60,468.00"
NABIL,10/9/2023,579,580,571,571.8,-0.56%,"61,332.00"
NABIL,10/8/2023,593.3,593.3,574.5,575,-1.15%,"92,585.00"
NABIL,10/5/2023,580.2,584.6,580,581.7,-0.36%,"54,791.00"
NABIL,10/4/2023,586.8,586.8,580.5,583.8,-0.03%,"47,450.00"
NABIL,10/3/2023,585,589,582.1,584,0.17%,"47,601.00"
NABIL,10/2/2023,583,588.4,579.5,583,-0.34%,"44,667.00"
NABIL,10/1/2023,590,591.5,584,585,-1.10%,"37,802.00"
NABIL,9/27/2023,600,604,590,591.5,-0.42%,"30,539.00"
NABIL,9/26/2023,603,603,592,594,-0.17%,"23,327.00"
NABIL,9/25/2023,591.1,598.9,588,595,0.51%,"50,135.00"
NABIL,9/24/2023,593,598,586.8,592,-0.17%,"51,424.00"
NABIL,9/21/2023,591,603,591,593,0.68%,"38,690.00"
NABIL,9/19/2023,592,598,586,589,-0.36%,"31,416.00"
NABIL,9/18/2023,592,592,585,591.1,-0.32%,"36,430.00"
NABIL,9/17/2023,599.7,608,590,593,0.85%,"72,674.00"
NABIL,9/13/2023,581,590,581,588,0.68%,"40,108.00"
NABIL,9/12/2023,598,599,583,584,-0.80%,"42,149.00"
NABIL,9/11/2023,587,589,578.3,588.7,1.50%,"70,550.00"
NABIL,9/10/2023,578.9,582,577,580,0.49%,"51,489.00"
NABIL,9/7/2023,585,585,576.5,577.2,-0.79%,"51,168.00"
NABIL,9/5/2023,586,589.9,580.6,581.8,-0.38%,"27,803.00"
NABIL,9/4/2023,584,587,575.3,584,0.00%,"66,419.00"
NABIL,9/3/2023,587.3,590,583,584,-0.56%,"46,707.00"
NABIL,8/30/2023,596,596,586.2,587.3,-0.46%,"51,037.00"
NABIL,8/29/2023,592.1,596,588.1,590,-0.02%,"29,237.00"
NABIL,8/28/2023,596,596,590,590.1,0.02%,"25,988.00"
NABIL,8/27/2023,592.5,595,589.1,590,-0.42%,"45,941.00"
NABIL,8/24/2023,595,600,591.1,592.5,-1.09%,"43,106.00"
NABIL,8/23/2023,594,599.9,592.1,599,0.84%,"29,155.00"
NABIL,8/22/2023,592,600,590,594,0.42%,"41,686.00"
NABIL,8/21/2023,590,598.9,585,591.5,-0.07%,"40,222.00"
NABIL,8/20/2023,595,597,588,591.9,-0.19%,"58,801.00"
NABIL,8/17/2023,602.5,602.7,592,593,0.17%,"32,425.00"
NABIL,8/16/2023,599,600,590,592,-1.17%,"53,322.00"
NABIL,8/15/2023,601,601,596.6,599,-0.63%,"65,912.00"
NABIL,8/14/2023,591.5,605,591.5,602.8,-0.12%,"43,883.00"
NABIL,8/13/2023,608,610,600,603.5,-0.49%,"60,137.00"
NABIL,8/10/2023,604,607.3,602,606.5,0.58%,"47,833.00"
NABIL,8/9/2023,604,604,594,603,0.50%,"58,335.00"
NABIL,8/8/2023,610,614,600,600,-1.64%,"58,044.00"
NABIL,8/7/2023,612,614.9,602,610,-0.33%,"78,727.00"
NABIL,8/6/2023,625.2,637.7,607,612,-0.16%,"113,739.00"
NABIL,8/3/2023,618,621,612,613,0.00%,"44,414.00"
NABIL,8/2/2023,619.9,620,609,613,0.31%,"36,975.00"
NABIL,8/1/2023,620,621,611,611.1,-0.63%,"41,626.00"
NABIL,7/31/2023,605,623,605,615,-0.16%,"55,627.00"
NABIL,7/30/2023,623,623.9,614,616,-0.32%,"79,973.00"
NABIL,7/27/2023,625,628,616,618,-0.88%,"80,901.00"
NABIL,7/26/2023,629,629.5,618,623.5,-0.02%,"56,916.00"
NABIL,7/25/2023,640,640,621,623.6,-2.41%,"103,484.00"
NABIL,7/24/2023,650,653,636,639,-1.54%,"172,938.00"
NABIL,7/23/2023,630,649.6,625.2,649,4.01%,"147,953.00"
NABIL,7/20/2023,620,628.9,620,624,1.17%,"124,603.00"
NABIL,7/19/2023,619,619,612,616.8,0.62%,"76,090.00"
NABIL,7/18/2023,620.9,621.6,610,613,0.33%,"76,424.00"
NABIL,7/17/2023,607,612,598,611,1.97%,"73,868.00"
NABIL,7/16/2023,595,605.9,590,599.2,1.56%,"73,028.00"
NABIL,7/13/2023,574.3,597.9,574.3,590,0.68%,"66,352.00"
NABIL,7/12/2023,585,589.9,585,586,0.51%,"51,194.00"
NABIL,7/11/2023,584,587,580,583,0.00%,"88,236.00"
NABIL,7/10/2023,593,593,581,583,0.00%,"88,478.00"
NABIL,7/9/2023,590,593.6,582,583,0.15%,"79,385.00"
NABIL,7/6/2023,584,594,580,582.1,-0.09%,"61,889.00"
NABIL,7/5/2023,574.3,597.1,574.3,582.6,-0.58%,"70,629.00"
NABIL,7/4/2023,585.1,590,584,586,0.19%,"69,678.00"
NABIL,7/3/2023,594,594,584,584.9,-1.53%,"111,999.00"
NABIL,7/2/2023,615,615,591,594,-1.98%,"111,991.00"
NABIL,6/28/2023,620,633,605,606,-0.48%,"151,880.00"
NABIL,6/27/2023,593,609.9,587,608.9,3.91%,"184,325.00"
NABIL,6/26/2023,593,593,585.2,586,-0.17%,"125,517.00"
NABIL,6/25/2023,594,594,581.5,587,-0.25%,"123,731.00"
NABIL,6/22/2023,595,597,585.4,588.5,-0.27%,"57,079.00"
NABIL,6/21/2023,600,600,589.1,590.1,-0.87%,"74,080.00"
NABIL,6/20/2023,599,603,595,595.3,0.22%,"77,314.00"
NABIL,6/19/2023,598,605.2,593.1,594,-0.34%,"69,002.00"
NABIL,6/18/2023,600,601,595.1,596,-0.33%,"77,802.00"
NABIL,6/15/2023,610,610,596,598,-0.17%,"39,563.00"
NABIL,6/14/2023,603,604,597,599,0.34%,"117,524.00"
NABIL,6/13/2023,599.9,601,595,597,0.00%,"67,044.00"
NABIL,6/12/2023,600,602,595,597,0.51%,"39,241.00"
NABIL,6/11/2023,585,596.7,585,594,0.52%,"52,568.00"
NABIL,6/8/2023,590,595,587,590.9,-0.07%,"36,616.00"
NABIL,6/7/2023,591.7,599,591,591.3,-0.07%,"33,681.00"
NABIL,6/6/2023,590.1,599,590,591.7,0.12%,"29,785.00"
NABIL,6/5/2023,599.9,606,591,591,-0.74%,"28,519.00"
NABIL,6/4/2023,587.8,606.9,587.8,595.4,1.29%,"34,455.00"
NABIL,6/1/2023,584,590,580,587.8,1.08%,"38,294.00"
NABIL,5/31/2023,585,592,575.6,581.5,-0.99%,"57,976.00"
NABIL,5/30/2023,600,602,584,587.3,-2.28%,"76,105.00"
NABIL,5/28/2023,610,615,600,601,-0.83%,"69,792.00"
NABIL,5/24/2023,605,613.9,603,606,0.08%,"39,756.00"
NABIL,5/23/2023,605,607,598,605.5,1.09%,"41,814.00"
NABIL,5/22/2023,600,601,592,599,0.66%,"27,093.00"
NABIL,5/21/2023,601,611,595,595.1,0.86%,"45,034.00"
NABIL,5/18/2023,590,600,590,590,0.00%,"50,008.00"
NABIL,5/17/2023,590,594,586,590,1.03%,"28,470.00"
NABIL,5/16/2023,592,592,582,584,0.03%,"37,052.00"
NABIL,5/15/2023,584,595,583.1,583.8,0.00%,"34,630.00"
NABIL,5/14/2023,590,601,583.5,584.9,-0.86%,"52,485.00"
NABIL,5/11/2023,590,594,589,590,0.00%,"26,707.00"
NABIL,5/10/2023,600,600,589,590,-0.84%,"59,646.00"
NABIL,5/9/2023,581.8,612,581.8,595,0.34%,"34,345.00"
NABIL,5/8/2023,595,595,591,593,-0.34%,"27,670.00"
NABIL,5/7/2023,600,600,593.1,595,-0.65%,"28,270.00"
NABIL,5/4/2023,600,600,595,598.9,0.07%,"32,806.00"
NABIL,5/3/2023,600,600,595,598.5,-0.17%,"22,982.00"
NABIL,5/2/2023,585.1,608,585.1,599.5,0.42%,"30,177.00"
NABIL,4/30/2023,605,605,593,597,-0.50%,"54,304.00"
NABIL,4/27/2023,602,605.5,598,600,-0.66%,"54,508.00"
NABIL,4/26/2023,607.5,610,603.5,604,-0.25%,"40,984.00"
NABIL,4/25/2023,606,607,600,605.5,0.08%,"44,615.00"
NABIL,4/24/2023,610,612,603,605,-0.66%,"35,512.00"
NABIL,4/23/2023,620,621,607.7,609,-1.77%,"34,734.00"
NABIL,4/20/2023,608,632,608,620,0.00%,"41,287.00"
NABIL,4/19/2023,603.7,627,603.7,620,0.65%,"59,588.00"
NABIL,4/18/2023,604,620,604,616,0.00%,"32,979.00"
NABIL,4/17/2023,617,625,615,616,-0.16%,"28,045.00"
NABIL,4/16/2023,618.9,630,613,617,-0.31%,"25,772.00"
NABIL,4/13/2023,641.5,643.8,610,618.9,-1.61%,"72,785.00"
NABIL,4/12/2023,603.8,630.9,598,629,6.25%,"86,971.00"
NABIL,4/11/2023,593.7,593.7,582.1,592,1.70%,"39,186.00"
NABIL,4/10/2023,580,588,577,582.1,0.36%,"46,442.00"
NABIL,4/9/2023,590,590,578.1,580,-2.06%,"99,562.00"
NABIL,4/6/2023,595,600,588,592.2,0.37%,"49,701.00"
NABIL,4/5/2023,595,595,588,590,0.17%,"39,978.00"
NABIL,4/4/2023,595,595,586.1,589,-0.15%,"41,355.00"
NABIL,4/3/2023,600,600,587,589.9,-1.32%,"61,504.00"
NABIL,4/2/2023,603,610,595,597.8,-0.86%,"39,669.00"
NABIL,3/30/2023,612,612,600.6,603,-0.99%,"33,868.00"
NABIL,3/29/2023,610,610,599,609,0.41%,"31,811.00"
NABIL,3/28/2023,607,612.5,602,606.5,0.41%,"48,081.00"
NABIL,3/27/2023,596,605,588.1,604,1.34%,"68,181.00"
NABIL,3/26/2023,605.5,605.5,596,596,-1.49%,"58,085.00"
NABIL,3/23/2023,610,612,603,605,-1.31%,"63,514.00"
NABIL,3/22/2023,615,619.9,610,613,0.00%,"59,448.00"
NABIL,3/20/2023,607,613.7,606.5,613,1.16%,"51,889.00"
NABIL,3/19/2023,625,625,605,606,-1.14%,"50,724.00"
NABIL,3/16/2023,623,623,605,613,-0.81%,"65,028.00"
NABIL,3/15/2023,625,628,618,618,-1.12%,"69,209.00"
NABIL,3/14/2023,634,634,623,625,-0.78%,"55,015.00"
NABIL,3/13/2023,624.2,635,624.2,629.9,-1.10%,"55,971.00"
NABIL,3/12/2023,650,653,635,636.9,-1.56%,"51,762.00"
NABIL,3/9/2023,641,648.9,641,647,1.25%,"55,564.00"
NABIL,3/7/2023,640,642,637,639,0.27%,"41,137.00"
NABIL,3/5/2023,650,650,635,637.3,-1.82%,"54,153.00"
NABIL,3/2/2023,652,653,648,649.1,-0.90%,"59,279.00"
NABIL,3/1/2023,657,660,654,655,-0.30%,"35,796.00"
NABIL,2/28/2023,665,669,656.1,657,-0.61%,"31,890.00"
NABIL,2/27/2023,672,675.1,658,661,-0.38%,"41,206.00"
NABIL,2/26/2023,668,670,652,663.5,-0.82%,"57,017.00"
NABIL,2/23/2023,678,679,665,669,-1.46%,"47,679.00"
NABIL,2/22/2023,674.8,689.5,664.2,678.9,2.48%,"57,464.00"
NABIL,2/20/2023,670.2,670.2,661,662.5,-1.15%,"53,643.00"
NABIL,2/16/2023,675,676,669,670.2,-0.64%,"57,195.00"
NABIL,2/15/2023,675,688.5,670.1,674.5,-0.07%,"39,631.00"
NABIL,2/14/2023,683,683,674,675,-1.17%,"59,511.00"
NABIL,2/12/2023,689,690,680,683,-1.44%,"53,279.00"
NABIL,2/9/2023,690,698,676,693,0.73%,"83,791.00"
NABIL,2/8/2023,705,705.7,685,688,-0.56%,"75,546.00"
NABIL,2/7/2023,677.3,692,677.3,691.9,2.16%,"69,751.00"
NABIL,2/6/2023,682,688,675,677.3,-0.54%,"54,726.00"
NABIL,2/5/2023,690,698,678,681,-1.02%,"84,062.00"
NABIL,2/2/2023,692,694.5,685.1,688,-0.29%,"54,429.00"
NABIL,2/1/2023,695,695,686,690,-0.06%,"57,940.00"
NABIL,1/31/2023,700,700,688,690.4,-1.09%,"67,697.00"
NABIL,1/30/2023,688.5,706,688.5,698,-0.64%,"71,228.00"
NABIL,1/29/2023,707,709,701.1,702.5,-0.44%,"57,268.00"
NABIL,1/26/2023,714,714.5,705.3,705.6,-0.49%,"57,638.00"
NABIL,1/25/2023,717,719,709,709.1,-0.55%,"63,311.00"
NABIL,1/24/2023,711,715,709,713,0.30%,"67,781.00"
NABIL,1/23/2023,717.5,729,710,710.9,1.05%,"114,807.00"
NABIL,1/19/2023,705,710,701,703.5,-0.06%,"93,648.00"
NABIL,1/18/2023,712,718,703,703.9,-1.00%,"94,709.00"
NABIL,1/17/2023,724,725,709,711,-0.42%,"88,101.00"
NABIL,1/12/2023,733.5,733.5,713.7,714,-0.72%,"101,205.00"
NABIL,1/10/2023,720,735,718,719.2,0.03%,"182,296.00"
NABIL,1/9/2023,733.4,733.4,712,719,-0.01%,"167,381.00"
NABIL,1/8/2023,738.9,739,718.5,719.1,-1.09%,"146,327.00"
NABIL,1/5/2023,744,745,727,727,-1.34%,"132,642.00"
NABIL,1/4/2023,750,750,730,736.9,0.12%,"89,872.00"
NABIL,1/3/2023,743,750,735,736,-0.41%,"107,994.00"
NABIL,1/2/2023,735.5,751,725,739,2.48%,"227,630.00"
NABIL,1/1/2023,859,865,850,854.5,1.36%,"263,159.00"
NABIL,12/29/2022,840,844,835.1,843,0.97%,"110,579.00"
NABIL,12/28/2022,845,847,826.1,834.9,-0.84%,"105,429.00"
NABIL,12/27/2022,847,860,834,842,0.48%,"133,855.00"
NABIL,12/26/2022,811,840,811,838,3.46%,"110,057.00"
NABIL,12/22/2022,809,811,800.1,810,0.37%,"66,052.00"
NABIL,12/21/2022,816,816,800,807,0.88%,"48,877.00"
NABIL,12/20/2022,800,807,797,800,0.38%,"42,079.00"
NABIL,12/19/2022,795,800,794,797,0.38%,"40,026.00"
NABIL,12/18/2022,810,810,793,794,-1.24%,"67,787.00"
NABIL,12/15/2022,815,815,803.5,804,-0.50%,"58,542.00"
NABIL,12/14/2022,807,818,807,808,0.11%,"52,009.00"
NABIL,12/13/2022,816,816.9,804.7,807.1,-0.97%,"88,690.00"
NABIL,12/12/2022,846,846,801.7,815,-3.66%,"261,519.00"
NABIL,12/11/2022,880,880,842.8,846,-3.97%,"87,795.00"
NABIL,12/7/2022,884,890,879,881,-0.79%,"51,341.00"
NABIL,12/6/2022,900.6,900.6,875.1,888,0.57%,"54,482.00"
NABIL,12/5/2022,866,895,866,883,0.11%,"95,864.00"
NABIL,12/4/2022,922,930,879.3,882,-3.40%,"221,592.00"
NABIL,12/1/2022,865,915,865,913,3.51%,"159,865.00"
NABIL,11/30/2022,878,883.5,870.1,882,0.57%,"47,288.00"
NABIL,11/29/2022,876,880,866.7,877,0.34%,"49,511.00"
NABIL,11/28/2022,890,890,870,874,-0.23%,"82,399.00"
NABIL,11/27/2022,832,876,832,876,5.42%,"139,753.00"
NABIL,11/24/2022,830,832,820,831,0.78%,"32,640.00"
NABIL,11/23/2022,830,835,822.1,824.6,-0.53%,"22,341.00"
NABIL,11/22/2022,828,840,827.4,829,0.21%,"26,547.00"
NABIL,11/17/2022,821,829,821,827.3,0.95%,"28,777.00"
NABIL,11/16/2022,821,821,814,819.5,0.20%,"20,391.00"
NABIL,11/15/2022,827,827,814,817.9,0.48%,"25,680.00"
NABIL,11/14/2022,815,815,803,814,0.37%,"29,743.00"
NABIL,11/13/2022,816,822,810,811,-0.49%,"29,230.00"
NABIL,11/10/2022,837,837,814,815,-1.03%,"33,090.00"
NABIL,11/9/2022,834,866.5,822.6,823.5,-1.14%,"46,477.00"
NABIL,11/8/2022,827,835,827,833,-0.12%,"20,635.00"
NABIL,11/7/2022,841.5,842,832,834,0.35%,"37,460.00"
NABIL,11/6/2022,830,834,820.1,831.1,0.86%,"46,206.00"
NABIL,11/3/2022,830,835,820.2,824,-0.72%,"35,595.00"
NABIL,11/2/2022,835,844,825,830,-0.60%,"67,918.00"
NABIL,11/1/2022,818,839.6,813,835,2.33%,"71,557.00"
NABIL,10/31/2022,810,819,809,816,0.99%,"46,691.00"
NABIL,10/23/2022,800,809.9,796.5,808,1.44%,"42,040.00"
NABIL,10/20/2022,800,801,791,796.5,-0.25%,"29,921.00"
NABIL,10/19/2022,795,800,790,798.5,0.57%,"30,433.00"
NABIL,10/17/2022,795,799.5,793,794,0.00%,"35,066.00"
NABIL,10/16/2022,796,798,790,794,-0.25%,"33,880.00"
NABIL,10/13/2022,794,804,790,796,0.09%,"42,798.00"
NABIL,10/12/2022,797,797,787.2,794,0.25%,"30,352.00"
NABIL,10/11/2022,800,800,788,792,-0.63%,"39,129.00"
NABIL,10/10/2022,823.1,823.1,793.8,797,-1.24%,"59,995.00"
NABIL,10/9/2022,781.7,808,781.7,807,3.46%,"44,112.00"
NABIL,9/29/2022,777,780,769,780,1.69%,"37,569.00"
NABIL,9/28/2022,777,777,767,767,-0.39%,"34,948.00"
NABIL,9/27/2022,750,776,750,770,2.27%,"34,179.00"
NABIL,9/25/2022,759,759,746,752.9,-0.80%,"57,127.00"
NABIL,9/22/2022,765,770,755,759,-0.41%,"33,966.00"
NABIL,9/21/2022,752,768.2,750,762.1,1.68%,"44,522.00"
NABIL,9/20/2022,765,769,749.2,749.5,-1.90%,"62,804.00"
NABIL,9/18/2022,780,780,762.7,764,-1.04%,"44,695.00"
NABIL,9/16/2022,768,779.9,761,772,-1.15%,"38,993.00"
NABIL,9/15/2022,812,812.8,779,781,-2.25%,"58,510.00"
NABIL,9/14/2022,775,802,774,799,3.77%,"82,172.00"
NABIL,9/13/2022,765,772,751,770,1.99%,"77,706.00"
NABIL,9/12/2022,755,761,748.3,755,-0.53%,"54,259.00"
NABIL,9/11/2022,760,767,755,759,-0.13%,"41,713.00"
NABIL,9/8/2022,764,765,758,760,-0.42%,"44,066.00"
NABIL,9/7/2022,767,771,763,763.2,-0.62%,"33,333.00"
NABIL,9/6/2022,784,784,768,768,-1.04%,"73,282.00"
NABIL,9/5/2022,785,785,775,776.1,-0.49%,"58,697.00"
NABIL,9/4/2022,783,789.9,777,779.9,-0.64%,"80,710.00"
NABIL,9/2/2022,786,790,781,784.9,0.11%,"55,803.00"
NABIL,9/1/2022,790,791,781,784,-0.25%,"42,923.00"
NABIL,8/31/2022,790,798,785.5,786,-0.44%,"35,820.00"
NABIL,8/30/2022,789,795,783,789.5,-0.06%,"56,298.00"
NABIL,8/29/2022,793,798,782,790,-0.44%,"35,660.00"
NABIL,8/28/2022,795,799.9,790,793.5,-0.30%,"55,498.00"
NABIL,8/26/2022,800,802,795,795.9,-0.51%,"19,821.00"
NABIL,8/25/2022,808,809.9,799,800,-0.25%,"40,361.00"
NABIL,8/24/2022,806,810,800,802,0.01%,"38,238.00"
NABIL,8/23/2022,800,803,797,801.9,0.36%,"29,742.00"
NABIL,8/22/2022,805,806,795,799,-0.25%,"46,726.00"
NABIL,8/21/2022,802,815,800,801,-0.12%,"44,730.00"
NABIL,8/18/2022,800,805,795,802,0.94%,"51,320.00"
NABIL,8/17/2022,799,801,793,794.5,-0.56%,"53,622.00"
NABIL,8/16/2022,806.9,808,798,799,-0.05%,"49,399.00"
NABIL,8/15/2022,793,799.4,789,799.4,1.32%,"52,346.00"
NABIL,8/14/2022,800,800,787,789,-0.50%,"56,155.00"
NABIL,8/11/2022,800,804,790,793,0.38%,"56,771.00"
NABIL,8/10/2022,787,796,781,790,0.24%,"82,028.00"
NABIL,8/9/2022,808,808,787.2,788.1,-1.86%,"130,944.00"
NABIL,8/8/2022,820,821,800,803,-1.71%,"134,201.00"
NABIL,8/7/2022,819.7,828,802,817,-0.33%,"156,363.00"
NABIL,8/5/2022,850,850,817,819.7,-3.56%,"171,702.00"
NABIL,8/4/2022,879.2,879.2,850,850,-1.39%,"37,325.00"
NABIL,8/3/2022,880,883,859.1,862,-1.71%,"93,835.00"
NABIL,8/2/2022,881,884,870,877,-0.56%,"27,948.00"
NABIL,8/1/2022,894.9,897.5,880,881.9,0.10%,"47,675.00"
NABIL,7/31/2022,879,882,871,881,1.28%,"52,796.00"
NABIL,7/29/2022,866,880,865,869.9,0.45%,"17,497.00"
NABIL,7/28/2022,880,880,865,866,0.00%,"43,396.00"
NABIL,7/27/2022,866,870,853,866,0.00%,"43,850.00"
NABIL,7/26/2022,895,895,865.5,866,-2.15%,"49,899.00"
NABIL,7/25/2022,870.9,888.8,870,885,2.91%,"53,131.00"
NABIL,7/24/2022,853,866,848,860,2.39%,"41,717.00"
NABIL,7/22/2022,855,855,836,839.9,-1.77%,"26,240.00"
NABIL,7/21/2022,847,859.8,841,855,1.18%,"36,824.00"
NABIL,7/20/2022,847.2,850,836,845,0.84%,"32,488.00"
NABIL,7/19/2022,844.9,845,832,838,0.72%,"48,099.00"
NABIL,7/18/2022,832,837,825,832,0.24%,"29,302.00"
NABIL,7/17/2022,828,835,821,830,0.73%,"28,983.00"
NABIL,7/15/2022,829.9,829.9,817,824,0.86%,"22,065.00"
NABIL,7/14/2022,826,841.2,808.5,817,0.74%,"54,640.00"
NABIL,7/13/2022,800,812,798,811,1.77%,"59,513.00"
NABIL,7/12/2022,796,804.9,787,796.9,0.62%,"42,720.00"
NABIL,7/11/2022,831,831,792,792,-4.12%,"69,864.00"
NABIL,7/8/2022,845,847,825.5,826,-2.25%,"30,318.00"
NABIL,7/7/2022,864,886,844,845,-2.20%,"51,271.00"
NABIL,7/6/2022,885,889,837,864,-0.92%,"58,061.00"
NABIL,7/5/2022,895,900,860.1,872,-2.57%,"50,999.00"
NABIL,7/4/2022,900,916,893.8,895,0.67%,"114,314.00"
NABIL,7/3/2022,856,890,856,889,3.86%,"71,068.00"
NABIL,7/1/2022,850,866,833,856,2.51%,"42,203.00"
NABIL,6/30/2022,800,835,800,835,5.03%,"46,615.00"
NABIL,6/29/2022,780,799,770,795,2.19%,"28,748.00"
NABIL,6/28/2022,794,794,765,778,-0.26%,"35,763.00"
NABIL,6/27/2022,790,810,775,780,0.65%,"89,874.00"
NABIL,6/26/2022,754.8,780,750,775,4.73%,"88,020.00"
NABIL,6/24/2022,749,750,726,740,-1.20%,"32,412.00"
NABIL,6/23/2022,775,777,748,749,-4.22%,"73,119.00"
NABIL,6/22/2022,799,799.9,778,782,-1.26%,"43,206.00"
NABIL,6/21/2022,795,799,783,792,-0.36%,"54,464.00"
NABIL,6/20/2022,814,814,793,794.9,-2.59%,"51,029.00"
NABIL,6/19/2022,817,820.5,814,816,-0.12%,"49,808.00"
NABIL,6/17/2022,835,835,817,817,-0.97%,"16,582.00"
NABIL,6/16/2022,821,833,815,825,0.00%,"30,303.00"
NABIL,6/15/2022,838,838,810,825,-1.61%,"33,494.00"
NABIL,6/14/2022,846,846,834,838.5,-0.89%,"38,169.00"
NABIL,6/13/2022,850,850,844.8,846,-0.25%,"27,758.00"
NABIL,6/10/2022,850,855,840,848.1,0.20%,"26,409.00"
NABIL,6/9/2022,855,864,846,846.4,0.40%,"45,493.00"
NABIL,6/8/2022,828.1,855,828,843,1.38%,"43,083.00"
NABIL,6/7/2022,850,853,830,831.5,-1.71%,"34,581.00"
NABIL,6/6/2022,845,860.5,837.9,846,0.12%,"41,330.00"
NABIL,6/3/2022,855,871.9,843,845,-1.96%,"43,168.00"
NABIL,6/2/2022,883.9,883.9,858,861.9,-0.59%,"36,911.00"
NABIL,6/1/2022,876,883,866,867,-0.91%,"32,984.00"
NABIL,5/31/2022,890,890,865,875,-1.69%,"45,502.00"
NABIL,5/30/2022,900,901,881,890,-0.89%,"44,382.00"
NABIL,5/27/2022,900,900,896,898,-0.07%,"39,790.00"
NABIL,5/26/2022,918,918,897,898.6,-0.16%,"39,717.00"
NABIL,5/25/2022,915,915,898,900,0.32%,"38,263.00"
NABIL,5/24/2022,899,905,897,897.1,-0.21%,"33,616.00"
NABIL,5/23/2022,906,941,898,899,-0.77%,"45,910.00"
NABIL,5/20/2022,901,915,900,906,-0.22%,"25,594.00"
NABIL,5/19/2022,929,929,896,908,-0.66%,"29,333.00"
NABIL,5/18/2022,915,918,905.3,914,0.00%,"24,747.00"
NABIL,5/17/2022,930,935,908,910,-2.15%,"26,873.00"
NABIL,5/12/2022,949.7,951,930,930,-0.32%,"54,739.00"
NABIL,5/11/2022,915,938,915,933,2.56%,"37,027.00"
NABIL,5/10/2022,912,912,897,909.7,1.47%,"40,752.00"
NABIL,5/9/2022,889,907,889,896.5,0.84%,"40,948.00"
NABIL,5/8/2022,900,910,880,889,-1.43%,"46,835.00"
NABIL,5/5/2022,910,915,900,901.9,-0.78%,"50,023.00"
NABIL,5/4/2022,920,925,899,909,-1.20%,"37,775.00"
NABIL,5/2/2022,937.5,937.5,916.5,920,-0.86%,"39,086.00"
NABIL,4/28/2022,934,947,927,928,-0.74%,"43,224.00"
NABIL,4/27/2022,939,944.6,929.2,934.9,-0.32%,"34,974.00"
NABIL,4/26/2022,940.9,947,936,937.9,-0.32%,"27,496.00"
NABIL,4/25/2022,965,980,936,940.9,-1.11%,"54,841.00"
NABIL,4/24/2022,941,951.5,930,951.5,1.76%,"47,975.00"
NABIL,4/21/2022,945,949,918.2,935,-0.53%,"55,028.00"
NABIL,4/20/2022,949,950,936,940,-0.95%,"37,902.00"
NABIL,4/19/2022,950,961,935,949,-0.73%,"66,610.00"
NABIL,4/18/2022,972,977,955,956,-1.54%,"51,642.00"
NABIL,4/17/2022,980,990,970,971,0.00%,"35,787.00"
NABIL,4/13/2022,970,972,953,971,1.15%,"35,450.00"
NABIL,4/12/2022,990,990,958.1,960,-1.13%,"45,151.00"
NABIL,4/11/2022,980,995,970,971,0.21%,"70,697.00"
NABIL,4/7/2022,965.1,976,964,969,0.41%,"76,197.00"
NABIL,4/6/2022,982,990,963,965,-1.93%,"69,199.00"
NABIL,4/5/2022,1000,1000,982,984,-1.30%,"87,147.00"
NABIL,4/4/2022,1000,1002,995,997,0.00%,"56,895.00"
NABIL,4/3/2022,1010.1,1010.1,995,997,-0.50%,"42,507.00"
NABIL,3/31/2022,1015,1019.9,1000,1002,-0.40%,"62,677.00"
NABIL,3/30/2022,995,1006,993,1006,-0.30%,"101,034.00"
NABIL,3/29/2022,1000.1,1030,1000.1,1009,-0.79%,"53,395.00"
NABIL,3/28/2022,1029,1029,1010,1017,-0.29%,"36,394.00"
NABIL,3/27/2022,1055,1055,1017,1020,-1.92%,"37,321.00"
NABIL,3/24/2022,1057,1057,1036,1040,-0.67%,"34,482.00"
NABIL,3/23/2022,1060,1060,1043,1047,-0.29%,"29,498.00"
NABIL,3/22/2022,1060,1065,1048.1,1050,-0.19%,"35,572.00"
NABIL,3/21/2022,1075,1075,1046,1052,-0.75%,"32,178.00"
NABIL,3/20/2022,1080,1080,1055.3,1060,-0.38%,"28,034.00"
NABIL,3/16/2022,1079,1089,1060,1064,-1.39%,"25,272.00"
NABIL,3/15/2022,1100,1100,1075,1079,-1.19%,"44,505.00"
NABIL,3/14/2022,1100,1100.5,1081,1092,1.20%,"23,711.00"
NABIL,3/13/2022,1036,1080,1034,1079,5.99%,"57,510.00"
NABIL,3/10/2022,988.7,1018,988.7,1018,1.00%,"31,958.00"
NABIL,3/9/2022,1011.9,1020,1006,1007.9,-0.40%,"35,691.00"
NABIL,3/7/2022,1010,1012,1000,1011.9,0.90%,"47,036.00"
NABIL,3/6/2022,985.9,1020,985.9,1002.9,-0.31%,"64,365.00"
NABIL,3/2/2022,1040,1048,1000,1006,-3.27%,"74,636.00"
NABIL,2/28/2022,1050,1059,1037,1040,-0.10%,"45,316.00"
NABIL,2/27/2022,1051,1051,1040,1041,-0.95%,"43,253.00"
NABIL,2/24/2022,1065,1067,1048,1051,-1.55%,"72,385.00"
NABIL,2/23/2022,1084,1085,1065,1067.5,-0.28%,"29,641.00"
NABIL,2/22/2022,1080,1080,1069,1070.5,0.33%,"41,743.00"
NABIL,2/21/2022,1070,1073,1063,1067,0.47%,"39,297.00"
NABIL,2/20/2022,1070,1075,1045,1062,-1.58%,"61,489.00"
NABIL,2/17/2022,1081,1094,1070,1079,-0.09%,"34,444.00"
NABIL,2/16/2022,1096,1096,1070.3,1080,0.47%,"46,381.00"
NABIL,2/15/2022,1085,1085,1066.1,1075,1.03%,"53,230.00"
NABIL,2/14/2022,1070,1079,1064,1064,-0.56%,"68,303.00"
NABIL,2/13/2022,1095,1095,1069,1070,-2.47%,"87,909.00"
NABIL,2/10/2022,1101,1101,1095,1097.1,-0.35%,"62,380.00"
NABIL,2/9/2022,1110,1110,1098,1100.9,-0.55%,"59,639.00"
NABIL,2/8/2022,1128,1129,1106,1107,0.00%,"51,383.00"
NABIL,2/7/2022,1112,1112,1106,1109,0.00%,"68,960.00"
NABIL,2/6/2022,1130,1130,1108.5,1109,-1.16%,"71,516.00"
NABIL,2/3/2022,1141.5,1143.5,1121,1122,0.08%,"61,153.00"
NABIL,2/1/2022,1129.9,1129.9,1119.3,1121.1,-0.52%,"54,175.00"
NABIL,1/31/2022,1149,1149,1125,1127,-0.70%,"38,126.00"
NABIL,1/30/2022,1139,1139,1127.1,1135,1.61%,"59,027.00"
NABIL,1/27/2022,1121,1130,1115,1117,-0.36%,"56,308.00"
NABIL,1/26/2022,1129,1134.9,1115,1121,-0.72%,"61,217.00"
NABIL,1/25/2022,1135,1145,1110,1129.1,0.19%,"52,041.00"
NABIL,1/24/2022,1165,1165,1125,1127,-2.93%,"96,165.00"
NABIL,1/23/2022,1178,1178,1155,1161,-1.44%,"79,765.00"
NABIL,1/20/2022,1182,1182,1160,1178,0.08%,"47,782.00"
NABIL,1/19/2022,1213,1213,1170.1,1177,-1.09%,"73,385.00"
NABIL,1/18/2022,1180,1209,1180,1190,0.94%,"116,223.00"
NABIL,1/17/2022,1162,1179,1140,1178.9,3.41%,"113,189.00"
NABIL,1/16/2022,1120,1147,1110,1140,2.70%,"176,667.00"
NABIL,1/13/2022,1110,1112,1104,1110,0.27%,"92,618.00"
NABIL,1/12/2022,1120,1120,1107,1107,-0.70%,"105,760.00"
NABIL,1/11/2022,1112,1117,1105.5,1114.8,0.31%,"102,845.00"
NABIL,1/10/2022,1113,1119.9,1106.1,1111.3,-0.15%,"120,640.00"
NABIL,1/9/2022,1120,1129,1110,1113,-0.09%,"126,780.00"
NABIL,1/6/2022,1111,1123,1099.6,1114,0.19%,"67,780.00"
NABIL,1/5/2022,1122,1138,1110,1111.9,-0.63%,"75,462.00"
NABIL,1/4/2022,1137,1139,1117.2,1119,-1.58%,"116,739.00"
NABIL,1/3/2022,1150,1160,1137,1137,-0.61%,"130,041.00"
NABIL,1/2/2022,1107,1151.5,1086,1144,5.41%,"263,845.00"
NABIL,12/29/2021,1499,1500,1450,1450,-2.03%,"326,139.00"
NABIL,12/28/2021,1500,1500,1479.2,1480,-1.27%,"170,269.00"
NABIL,12/27/2021,1549,1550,1485,1499,-1.64%,"201,767.00"
NABIL,12/26/2021,1514.7,1570.8,1506,1524,2.63%,"209,837.00"
NABIL,12/23/2021,1494,1499,1471,1485,0.00%,"51,892.00"
NABIL,12/22/2021,1460,1492,1455,1485,2.24%,"79,765.00"
NABIL,12/21/2021,1423,1452.5,1423,1452.5,2.29%,"98,889.00"
NABIL,12/20/2021,1439.9,1439.9,1412,1420,-0.70%,"58,668.00"
NABIL,12/16/2021,1450,1460,1421,1430,-1.38%,"43,538.00"
NABIL,12/15/2021,1460,1500,1412,1450,-0.68%,"90,423.00"
NABIL,12/14/2021,1393,1460,1380,1460,6.87%,"64,277.00"
NABIL,12/13/2021,1421,1421,1364,1366.1,-3.86%,"130,695.00"
NABIL,12/12/2021,1453,1465,1420.5,1421,-2.20%,"80,982.00"
NABIL,12/9/2021,1456,1459,1434,1452.9,-0.27%,"56,323.00"
NABIL,12/8/2021,1475,1480,1450,1456.8,-1.23%,"47,379.00"
NABIL,12/7/2021,1513.9,1514,1475,1475,-0.67%,"60,813.00"
NABIL,12/6/2021,1445,1495,1415,1485,0.75%,"118,177.00"
NABIL,12/5/2021,1514,1514,1471,1474,-2.51%,"108,142.00"
NABIL,12/2/2021,1524.2,1530,1509,1512,-0.80%,"60,311.00"
NABIL,12/1/2021,1535.3,1535.3,1523,1524.2,0.21%,"36,610.00"
NABIL,11/30/2021,1535,1535,1518.7,1521,-0.33%,"52,965.00"
NABIL,11/29/2021,1523,1530,1508,1526,0.20%,"60,022.00"
NABIL,11/28/2021,1538,1538,1520,1523,-0.98%,"85,621.00"
NABIL,11/25/2021,1547,1550,1535,1538,-0.45%,"64,950.00"
NABIL,11/24/2021,1545,1550,1527,1545,0.52%,"54,975.00"
NABIL,11/23/2021,1550,1550,1532,1537,-0.58%,"62,286.00"
NABIL,11/22/2021,1544,1554.9,1540,1546,0.13%,"80,745.00"
NABIL,11/21/2021,1560,1565,1538,1544,-0.19%,"75,509.00"
NABIL,11/18/2021,1587.1,1587.1,1546,1547,-0.58%,"89,460.00"
NABIL,11/17/2021,1570,1570,1548,1556,-0.19%,"99,187.00"
NABIL,11/16/2021,1550,1565,1546.1,1559,1.23%,"74,044.00"
NABIL,11/15/2021,1552,1576,1540,1540,-0.52%,"104,146.00"
NABIL,11/14/2021,1570,1575,1540,1548,-0.13%,"107,590.00"
NABIL,11/11/2021,1579,1580,1540,1550,-1.84%,"199,932.00"
NABIL,11/9/2021,1614.7,1614.7,1570,1579,-2.21%,"188,332.00"
NABIL,11/8/2021,1660,1660,1605,1614.7,-2.32%,"186,984.00"
NABIL,11/3/2021,1640.1,1740,1640.1,1653,2.80%,"705,430.00"
NABIL,11/2/2021,1650,1650,1594,1608,-0.74%,"131,659.00"
NABIL,11/1/2021,1580,1620,1551,1620,2.53%,"215,086.00"
NABIL,10/31/2021,1600,1629.9,1573,1580,-1.13%,"176,045.00"
NABIL,10/28/2021,1610,1619,1595,1598,-0.50%,"141,749.00"
NABIL,10/27/2021,1569,1620,1559,1606,2.36%,"270,557.00"
NABIL,10/26/2021,1505.5,1578,1498,1569,4.81%,"225,327.00"
NABIL,10/25/2021,1500.3,1500.3,1470.3,1497,1.77%,"78,485.00"
NABIL,10/24/2021,1472,1479,1462,1470.9,-0.01%,"54,884.00"
NABIL,10/21/2021,1460,1480,1447,1471,0.75%,"65,682.00"
NABIL,10/20/2021,1459.6,1479,1430,1460,2.03%,"65,244.00"
NABIL,10/19/2021,1445,1450,1420.1,1431,-2.52%,"77,881.00"
NABIL,10/18/2021,1482,1482,1448,1468,-0.94%,"67,707.00"
NABIL,10/17/2021,1479,1507,1465,1482,2.21%,"56,389.00"
NABIL,10/11/2021,1503,1503,1439.9,1450,-1.63%,"118,043.00"
NABIL,10/10/2021,1462.6,1500,1462.6,1474,2.01%,"77,855.00"
NABIL,10/6/2021,1410,1453,1410,1444.9,2.48%,"57,353.00"
NABIL,10/5/2021,1410,1410,1394,1410,0.93%,"44,358.00"
NABIL,10/4/2021,1392,1407,1370,1397,0.14%,"60,200.00"
NABIL,10/3/2021,1429.9,1429.9,1393,1395,-0.85%,"55,819.00"
NABIL,9/30/2021,1413,1419,1401,1407,-0.07%,"47,037.00"
NABIL,9/29/2021,1420,1420,1379,1408,0.93%,"58,596.00"
NABIL,9/28/2021,1415,1415,1380,1395,-1.41%,"86,659.00"
NABIL,9/27/2021,1435,1435,1403,1415,-1.12%,"47,830.00"
NABIL,9/26/2021,1450,1465,1427,1431,-0.49%,"116,113.00"
NABIL,9/23/2021,1441.1,1455,1430,1438,0.95%,"136,670.00"
NABIL,9/22/2021,1415,1425,1400,1424.4,2.55%,"79,284.00"
NABIL,9/21/2021,1393,1415,1345,1389,-0.29%,"148,677.00"
NABIL,9/20/2021,1432,1440,1380,1393,-2.21%,"132,043.00"
NABIL,9/16/2021,1430,1440,1408,1424.5,-1.42%,"108,701.00"
NABIL,9/15/2021,1470,1470,1440,1445,-0.55%,"37,192.00"
NABIL,9/14/2021,1473,1473,1445,1453,-0.14%,"46,726.00"
NABIL,9/13/2021,1468.8,1482,1440,1455,1.04%,"210,616.00"
NABIL,9/12/2021,1415,1447,1410,1440,2.13%,"75,225.00"
NABIL,9/9/2021,1410,1420,1410,1410,-0.35%,"70,348.00"
NABIL,9/8/2021,1429.9,1430,1404,1415,-1.04%,"59,583.00"
NABIL,9/7/2021,1455,1470,1419,1429.9,-0.84%,"79,191.00"
NABIL,9/6/2021,1390,1445,1380,1442,3.89%,"134,284.00"
NABIL,9/5/2021,1420,1420,1372,1388,-2.12%,"177,307.00"
NABIL,9/2/2021,1420.5,1440,1414,1418,-0.14%,"105,395.00"
NABIL,9/1/2021,1435,1446,1408,1420,0.07%,"124,665.00"
NABIL,8/31/2021,1433,1433,1402,1419,-0.98%,"126,285.00"
NABIL,8/29/2021,1430,1469,1413,1433,-1.17%,"183,055.00"
NABIL,8/26/2021,1460,1480.1,1441,1450,-0.62%,"159,476.00"
NABIL,8/25/2021,1479,1479,1448,1459,-1.22%,"120,921.00"
NABIL,8/24/2021,1499,1499,1477,1477,-0.87%,"108,363.00"
NABIL,8/19/2021,1500,1501,1485,1490,-0.33%,"106,885.00"
NABIL,8/18/2021,1500,1505,1485,1495,0.00%,"119,338.00"
NABIL,8/17/2021,1518,1518,1489,1495,-0.82%,"216,309.00"
NABIL,8/16/2021,1535,1560,1499,1507.4,0.16%,"201,928.00"
NABIL,8/15/2021,1520,1525,1475,1505,-0.92%,"247,612.00"
NABIL,8/12/2021,1514,1530,1488.7,1519,0.33%,"61,561.00"
NABIL,8/11/2021,1520,1540,1512.2,1514,0.13%,"76,570.00"
NABIL,8/10/2021,1496,1522,1490,1512,1.20%,"131,079.00"
NABIL,8/9/2021,1499,1499,1490,1494,0.00%,"51,624.00"
NABIL,8/8/2021,1489,1503,1488,1494,0.40%,"88,896.00"
NABIL,8/5/2021,1490,1499,1482.1,1488,-0.06%,"54,477.00"
NABIL,8/4/2021,1500,1500,1488,1488.9,-0.07%,"63,649.00"
NABIL,8/3/2021,1500,1500,1485,1490,0.20%,"58,914.00"
NABIL,8/2/2021,1480,1495,1479.5,1487,0.47%,"59,355.00"
NABIL,8/1/2021,1494,1494,1466.5,1480,0.20%,"75,284.00"
NABIL,7/29/2021,1482,1490,1475.1,1477,-0.34%,"80,443.00"
NABIL,7/28/2021,1500,1500,1480,1482,-0.47%,"84,254.00"
NABIL,7/27/2021,1462.2,1500,1433,1489,-0.20%,"211,397.00"
NABIL,7/26/2021,1500,1515,1480,1492,-0.50%,"196,175.00"
NABIL,7/25/2021,1488,1500,1470,1499.5,2.78%,"171,727.00"
NABIL,7/22/2021,1454,1463,1449,1459,0.34%,"147,151.00"
NABIL,7/20/2021,1480,1490,1430,1454,0.21%,"113,294.00"
NABIL,7/19/2021,1468,1493,1450,1451,0.76%,"226,566.00"
NABIL,7/18/2021,1368,1440,1368,1440,5.96%,"272,476.00"
NABIL,7/15/2021,1350,1361,1349,1359,0.74%,"87,922.00"
NABIL,7/14/2021,1350,1358,1330,1349,0.15%,"101,853.00"
NABIL,7/13/2021,1275,1355,1275,1347,0.67%,"136,946.00"
NABIL,7/12/2021,1400,1400,1324,1338,-0.52%,"162,964.00"
NABIL,7/11/2021,1317,1353,1317,1345,2.13%,"192,294.00"
NABIL,7/8/2021,1350,1350,1297,1317,1.39%,"90,493.00"
NABIL,7/7/2021,1309,1309,1297,1299,-0.15%,"66,773.00"
NABIL,7/6/2021,1261,1303,1261,1301,0.31%,"68,703.00"
NABIL,7/5/2021,1360,1360,1295,1297,-0.08%,"46,953.00"
NABIL,7/4/2021,1300,1305,1296,1298,0.08%,"47,249.00"
NABIL,7/1/2021,1296,1305,1293,1297,0.08%,"41,519.00"
NABIL,6/30/2021,1232,1315,1232,1296,0.00%,"69,882.00"
NABIL,6/29/2021,1310,1310,1295,1296,-0.46%,"62,112.00"
NABIL,6/28/2021,1334,1334,1297,1302,0.31%,"66,695.00"
NABIL,6/27/2021,1250,1306,1250,1298,0.93%,"81,126.00"
NABIL,6/24/2021,1300,1300,1280,1286,-0.39%,"80,446.00"
NABIL,6/23/2021,1362,1362,1288,1291,-0.54%,"94,681.00"
NABIL,6/22/2021,1285,1300,1280,1298,1.01%,"106,023.00"
NABIL,6/21/2021,1300,1304,1284,1285,-0.93%,"129,080.00"
NABIL,6/20/2021,1312,1312,1290,1297,-0.92%,"117,221.00"
NABIL,6/17/2021,1308,1315,1300,1309,0.08%,"92,288.00"
NABIL,6/16/2021,1312,1340,1303,1308,-0.30%,"94,402.00"
NABIL,6/15/2021,1374,1374,1295,1312,0.23%,"110,411.00"
NABIL,6/14/2021,1304,1330,1301,1309,0.38%,"176,408.00"
NABIL,6/13/2021,1305,1312,1300,1304,0.00%,"142,630.00"
NABIL,6/10/2021,1326,1326,1299,1304,-0.46%,"132,428.00"
NABIL,6/9/2021,1380,1380,1289,1310,0.00%,"148,864.00"
NABIL,6/8/2021,1307,1321,1307,1315,-0.08%,"120,498.00"
NABIL,6/7/2021,1350,1350,1308,1316,-1.05%,"148,222.00"
NABIL,6/6/2021,1374,1374,1320,1330,1.60%,"193,387.00"
NABIL,6/3/2021,1255,1321,1255,1309,1.24%,"175,139.00"
NABIL,6/2/2021,1356,1356,1265,1293,0.08%,"60,397.00"
NABIL,6/1/2021,1285,1295,1265,1292,0.54%,"110,156.00"
NABIL,5/31/2021,1300,1312,1282,1285,-1.15%,"123,090.00"
NABIL,5/30/2021,1294,1316,1294,1300,0.46%,"90,621.00"
NABIL,5/27/2021,1300,1302,1282,1294,-0.92%,"108,286.00"
NABIL,5/25/2021,1286,1329,1286,1306,-1.06%,"85,759.00"
NABIL,5/24/2021,1377,1377,1310,1320,0.61%,"127,131.00"
NABIL,5/23/2021,1275,1313,1275,1312,0.92%,"107,284.00"
NABIL,5/20/2021,1340,1340,1282,1300,-0.15%,"65,407.00"
NABIL,5/19/2021,1373,1373,1290,1302,-0.46%,"103,756.00"
NABIL,5/18/2021,1373,1373,1304,1308,0.00%,"73,064.00"
NABIL,5/17/2021,1299,1320,1299,1308,1.55%,"103,727.00"
NABIL,5/16/2021,1265,1300,1265,1288,1.66%,"165,718.00"
NABIL,5/13/2021,1270,1270,1260,1267,0.40%,"76,245.00"
NABIL,5/12/2021,1265,1275,1259,1262,-0.24%,"94,423.00"
NABIL,5/11/2021,1256,1274,1256,1265,0.40%,"95,404.00"
NABIL,5/10/2021,1264,1273,1255,1260,0.08%,"67,445.00"
NABIL,5/9/2021,1265,1274,1250,1259,-0.47%,"94,346.00"
NABIL,5/6/2021,1273,1273,1260,1265,-0.08%,"60,497.00"
NABIL,5/5/2021,1290,1290,1265,1266,-0.63%,"67,433.00"
NABIL,5/4/2021,1299,1299,1271,1274,-0.78%,"80,193.00"
NABIL,5/3/2021,1300,1304,1275,1284,0.71%,"117,310.00"
NABIL,5/2/2021,1295,1295,1265,1275,0.39%,"93,567.00"
NABIL,4/29/2021,1266,1275,1257,1270,0.47%,"75,819.00"
NABIL,4/28/2021,1249,1300,1249,1264,-1.10%,"84,413.00"
NABIL,4/27/2021,1231,1280,1231,1279,3.90%,"107,145.00"
NABIL,4/26/2021,1250,1281,1230,1235,-2.76%,"156,529.00"
NABIL,4/25/2021,1361,1361,1255,1270,-2.16%,"165,129.00"
NABIL,4/22/2021,1295,1307,1280,1298,0.23%,"125,239.00"
NABIL,4/21/2021,1380,1380,1290,1294,-1.60%,"109,757.00"
NABIL,4/20/2021,1318,1344,1305,1315,-0.23%,"120,001.00"
NABIL,4/19/2021,1345,1345,1310,1318,-1.27%,"142,099.00"
NABIL,4/18/2021,1370,1370,1330,1335,-2.55%,"173,524.00"
NABIL,4/15/2021,1449,1449,1350,1370,-0.72%,"168,272.00"
NABIL,4/13/2021,1281,1381,1281,1380,2.37%,"209,373.00"
NABIL,4/12/2021,1336,1360,1320,1348,1.35%,"182,723.00"
NABIL,4/8/2021,1325,1339,1316,1330,0.99%,"134,432.00"
NABIL,4/7/2021,1310,1334,1310,1317,0.46%,"98,854.00"
NABIL,4/6/2021,1314,1324,1300,1311,-0.30%,"103,143.00"
NABIL,4/5/2021,1315,1332,1303,1315,-0.08%,"117,881.00"
NABIL,4/4/2021,1347,1347,1293,1316,2.57%,"183,452.00"
NABIL,4/1/2021,1294,1318,1280,1283,-0.85%,"107,609.00"
NABIL,3/31/2021,1239,1305,1238,1294,4.69%,"187,475.00"
NABIL,3/30/2021,1232,1240,1230,1236,0.32%,"97,016.00"
NABIL,3/29/2021,1227,1243,1227,1232,0.41%,"51,438.00"
NABIL,3/25/2021,1246,1255,1221,1227,-0.97%,"55,649.00"
NABIL,3/24/2021,1250,1257,1230,1239,0.41%,"53,495.00"
NABIL,3/23/2021,1245,1245,1229,1234,-0.80%,"55,201.00"
NABIL,3/22/2021,1271,1295,1238,1244,-1.19%,"93,451.00"
NABIL,3/21/2021,1250,1274,1250,1260,1.37%,"110,107.00"
NABIL,3/18/2021,1279,1279,1215,1243,1.97%,"91,022.00"
NABIL,3/17/2021,1215,1224,1200,1219,0.99%,"96,573.00"
NABIL,3/16/2021,1145,1225,1145,1207,0.17%,"115,007.00"
NABIL,3/15/2021,1208,1226,1190,1205,-0.82%,"163,239.00"
NABIL,3/14/2021,1250,1250,1205,1215,-3.19%,"169,858.00"
NABIL,3/10/2021,1338,1338,1252,1255,-1.57%,"69,416.00"
NABIL,3/9/2021,1300,1300,1264,1275,-0.78%,"81,515.00"
NABIL,3/8/2021,1300,1305,1271,1285,-1.15%,"67,034.00"
NABIL,3/4/2021,1268,1314,1260,1300,4.50%,"155,720.00"
NABIL,3/3/2021,1258,1270,1226,1244,-2.35%,"152,652.00"
NABIL,3/2/2021,1320,1323,1250,1274,-3.04%,"133,848.00"
NABIL,3/1/2021,1259,1315,1259,1314,0.00%,"102,909.00"
NABIL,2/28/2021,1322,1325,1287,1296,-1.97%,"176,137.00"
NABIL,2/25/2021,1360,1377,1314,1322,0.00%,"163,157.00"
NABIL,2/24/2021,1350,1375,1330,1350,1.12%,"143,200.00"
NABIL,2/23/2021,1300,1344,1286,1335,1.21%,"285,817.00"
NABIL,2/22/2021,1360,1360,1319,1319,-2.66%,"182,067.00"
NABIL,2/21/2021,1435,1435,1335,1355,-0.01%,"180,791.00"
NABIL,2/18/2021,1400,1405,1358,1367,-0.02%,"188,406.00"
NABIL,2/17/2021,1433,1433,1350,1391,0.02%,"295,552.00"
NABIL,2/16/2021,1330,1386,1324,1365,0.03%,"388,814.00"
NABIL,2/15/2021,1230,1328,1230,1321,0.08%,"524,258.00"
NABIL,2/14/2021,1230,1242,1200,1221,0.01%,"168,891.00"
NABIL,2/11/2021,1180,1250,1170,1213,0.03%,"317,291.00"
NABIL,2/10/2021,1160,1189,1152,1176,0.01%,"130,150.00"
NABIL,2/9/2021,1107,1197,1107,1163,0.00%,"132,993.00"
NABIL,2/8/2021,1130,1180,1115,1165,0.05%,"281,400.00"
NABIL,2/7/2021,1116,1125,1111,1114,0.00%,"121,996.00"
NABIL,2/4/2021,1150,1150,1111,1116,0.00%,"82,322.00"
NABIL,2/3/2021,1150,1160,1110,1120,-0.01%,"100,026.00"
NABIL,2/2/2021,1130,1140,1120,1129,0.01%,"78,197.00"
NABIL,2/1/2021,1065,1151,1065,1120,0.01%,"60,104.00"
NABIL,1/31/2021,1088,1145,1088,1110,-0.03%,"106,925.00"
NABIL,1/28/2021,1182,1182,1129,1145,-0.03%,"138,051.00"
NABIL,1/27/2021,1126,1186,1126,1182,0.01%,"97,355.00"
NABIL,1/26/2021,1190,1194,1165,1168,-0.01%,"133,717.00"
NABIL,1/25/2021,1115,1205,1110,1176,0.05%,"287,254.00"
NABIL,1/24/2021,1120,1139,1109,1115,0.01%,"128,981.00"
NABIL,1/21/2021,1100,1110,1095,1109,0.01%,"108,401.00"
NABIL,1/20/2021,1172,1172,1100,1103,-0.01%,"85,123.00"
NABIL,1/19/2021,1180,1180,1112,1117,-0.01%,"65,561.00"
NABIL,1/18/2021,1180,1180,1115,1128,0.00%,"79,293.00"
NABIL,1/17/2021,1140,1140,1117,1128,0.00%,"54,196.00"
NABIL,1/13/2021,1130,1147,1130,1132,-0.01%,"48,737.00"
NABIL,1/12/2021,1081,1150,1081,1140,0.01%,"78,962.00"
NABIL,1/11/2021,1182,1182,1120,1125,0.00%,"67,113.00"
NABIL,1/10/2021,1095,1134,1095,1126,0.03%,"182,457.00"
NABIL,1/7/2021,1042,1112,1042,1091,0.00%,"77,627.00"
NABIL,1/6/2021,1097,1104,1086,1096,0.00%,"76,530.00"
NABIL,1/5/2021,1111,1118,1095,1097,-0.01%,"90,991.00"
NABIL,1/4/2021,1135,1136,1102,1111,-0.01%,"91,228.00"
NABIL,1/3/2021,1100,1130,1080,1125,0.02%,"152,668.00"
NABIL,12/31/2020,1110,1130,1100,1100,0.00%,"126,022.00"
NABIL,12/30/2020,1080,1108,1048,1101,0.06%,"240,703.00"
NABIL,12/29/2020,1380,1400,1380,1386,0.01%,"381,895.00"
NABIL,12/28/2020,1380,1395,1360,1379,0.00%,"176,237.00"
NABIL,12/27/2020,1425,1450,1381,1384,-0.03%,"289,737.00"
NABIL,12/24/2020,1550,1550,1403,1425,-0.04%,"425,873.00"
NABIL,12/23/2020,1400,1489,1400,1489,0.10%,"187,508.00"
NABIL,12/22/2020,1292,1354,1292,1354,0.10%,"48,213.00"
NABIL,12/21/2020,1180,1236,1160,1231,0.02%,"263,971.00"
NABIL,12/20/2020,1240,1246,1175,1205,-0.02%,"323,164.00"
NABIL,12/17/2020,1250,1255,1228,1235,-0.01%,"101,916.00"
NABIL,12/16/2020,1240,1254,1200,1248,0.01%,"149,009.00"
NABIL,12/15/2020,1210,1293,1202,1240,0.01%,"161,533.00"
NABIL,12/14/2020,1172,1248,1160,1227,0.06%,"273,113.00"
NABIL,12/13/2020,1064,1165,1064,1159,0.03%,"110,589.00"
NABIL,12/10/2020,1115,1127,1094,1120,0.02%,"86,977.00"
NABIL,12/9/2020,1125,1135,1095,1101,-0.02%,"77,270.00"
NABIL,12/8/2020,1140,1162,1115,1124,0.01%,"113,499.00"
NABIL,12/7/2020,1070,1147,1057,1118,0.04%,"164,879.00"
NABIL,12/6/2020,1123,1145,1078,1078,-0.05%,"161,986.00"
NABIL,12/3/2020,1106,1196,1106,1140,0.01%,"159,437.00"
NABIL,12/2/2020,1120,1147,1096,1125,0.01%,"202,030.00"
NABIL,12/1/2020,1150,1165,1115,1119,-0.03%,"177,245.00"
NABIL,11/30/2020,1244,1244,1150,1159,-0.02%,"196,359.00"
NABIL,11/29/2020,1150,1200,1141,1185,0.05%,"283,683.00"
NABIL,11/26/2020,1050,1141,1050,1130,0.09%,"343,732.00"
NABIL,11/25/2020,981,1028,972,1025,0.05%,"232,466.00"
NABIL,11/24/2020,1000,1000,960,972,-0.01%,"58,491.00"
NABIL,11/23/2020,970,994,969,978,0.01%,"75,761.00"
NABIL,11/22/2020,920,985,920,965,0.07%,"223,043.00"
NABIL,11/19/2020,906,953,900,905,0.00%,"94,311.00"
NABIL,11/18/2020,890,905,888,901,0.00%,"61,321.00"
NABIL,11/12/2020,890,891,883,887,-- %,"30,444.00"
NABIL,11/11/2020,896,896,872,883,0.46%,"41,751.00"
NABIL,11/10/2020,870,890,865,879,1.97%,"29,034.00"
NABIL,11/9/2020,866,872,858,862,-0.92%,"90,972.00"
NABIL,11/8/2020,880,880,864,870,-1.14%,"72,463.00"
NABIL,11/5/2020,890,890,875,880,-0.90%,"34,927.00"
NABIL,11/4/2020,885,890,884,888,0.00%,"20,507.00"
NABIL,11/3/2020,897,897,884,888,0.23%,"15,950.00"
NABIL,11/2/2020,891,897,884,886,-0.89%,"29,989.00"
NABIL,11/1/2020,902,902,890,894,-0.89%,"40,311.00"
NABIL,10/29/2020,948,948,898,902,-0.11%,"51,398.00"
NABIL,10/28/2020,895,903,892,903,2.03%,"59,283.00"
NABIL,10/22/2020,890,893,880,885,0.57%,"46,895.00"
NABIL,10/21/2020,870,884,870,880,1.38%,"30,592.00"
NABIL,10/20/2020,865,872,862,868,0.58%,"11,628.00"
NABIL,10/19/2020,860,868,860,863,0.47%,"11,214.00"
NABIL,10/18/2020,860,874,859,859,-0.12%,"18,801.00"
NABIL,10/15/2020,817,872,817,860,0.00%,"25,564.00"
NABIL,10/14/2020,864,865,859,860,-0.46%,"29,183.00"
NABIL,10/13/2020,865,865,861,864,0.00%,"15,218.00"
NABIL,10/12/2020,860,865,860,864,-0.23%,"19,390.00"
NABIL,10/11/2020,868,870,864,866,-0.35%,"24,647.00"
NABIL,10/8/2020,880,882,866,869,-0.34%,"27,048.00"
NABIL,10/7/2020,880,882,868,872,-0.57%,"26,029.00"
NABIL,10/6/2020,878,885,872,877,0.11%,"16,257.00"
NABIL,10/5/2020,885,889,872,876,-0.45%,"22,147.00"
NABIL,10/4/2020,890,895,875,880,1.50%,"52,437.00"
NABIL,10/1/2020,860,869,860,867,0.93%,"30,640.00"
NABIL,9/30/2020,864,875,857,859,-0.58%,"22,250.00"
NABIL,9/29/2020,875,875,862,864,-0.80%,"20,446.00"
NABIL,9/28/2020,885,885,868,871,-0.34%,"17,676.00"
NABIL,9/27/2020,880,883,870,874,-0.11%,"23,447.00"
NABIL,9/24/2020,866,877,866,875,0.11%,"23,476.00"
NABIL,9/23/2020,866,877,866,874,0.23%,"30,912.00"
NABIL,9/22/2020,888,890,870,872,-1.25%,"51,322.00"
NABIL,9/21/2020,892,892,876,883,0.34%,"61,628.00"
NABIL,9/20/2020,876,895,870,880,2.44%,"72,747.00"
NABIL,9/17/2020,853,865,851,859,0.70%,"30,609.00"
NABIL,9/16/2020,858,858,850,853,-0.35%,"15,690.00"
NABIL,9/15/2020,839,864,853,856,0.00%,"28,117.00"
NABIL,9/14/2020,855,870,852,856,0.82%,"32,379.00"
NABIL,9/13/2020,855,855,845,849,0.47%,"32,114.00"
NABIL,9/10/2020,849,868,844,845,0.12%,"26,342.00"
NABIL,9/9/2020,846,846,839,844,-0.24%,"36,262.00"
NABIL,9/8/2020,858,858,840,846,-0.35%,"21,968.00"
NABIL,9/7/2020,863,863,842,849,-0.70%,"19,865.00"
NABIL,9/6/2020,903,903,854,855,-0.58%,"56,147.00"
NABIL,9/3/2020,861,864,849,860,0.23%,"54,696.00"
NABIL,9/2/2020,839,866,839,858,2.26%,"68,044.00"
NABIL,8/31/2020,840,846,832,839,0.00%,"49,117.00"
NABIL,8/30/2020,845,850,835,839,-0.71%,"11,698.00"
NABIL,8/27/2020,841,855,841,845,0.48%,"23,000.00"
NABIL,8/26/2020,839,850,830,841,1.33%,"44,021.00"
NABIL,8/25/2020,839,840,823,830,0.00%,"23,396.00"
NABIL,8/24/2020,833,835,825,830,0.73%,"22,795.00"
NABIL,8/23/2020,824,824,814,824,0.86%,"14,020.00"
NABIL,8/20/2020,812,822,812,817,-0.61%,"10,175.00"
NABIL,8/19/2020,815,825,814,822,-0.96%,"17,216.00"
NABIL,8/18/2020,833,840,824,830,0.97%,"20,561.00"
NABIL,8/17/2020,822,824,815,822,0.00%,"16,623.00"
NABIL,8/16/2020,835,835,810,822,-0.36%,"29,088.00"
NABIL,8/13/2020,877,877,820,825,-1.32%,"36,200.00"
NABIL,8/12/2020,844,844,821,836,0.72%,"23,975.00"
NABIL,8/11/2020,847,847,825,830,-0.24%,"29,776.00"
NABIL,8/10/2020,825,840,810,832,2.34%,"47,830.00"
NABIL,8/9/2020,815,815,800,813,-0.12%,"36,927.00"
NABIL,8/6/2020,859,859,801,814,-1.21%,"21,551.00"
NABIL,8/5/2020,824,824,810,824,0.00%,"47,216.00"
NABIL,8/3/2020,809,828,808,824,0.49%,"42,609.00"
NABIL,8/2/2020,840,850,820,820,-3.64%,"63,388.00"
NABIL,7/30/2020,842,854,840,851,0.71%,"41,463.00"
NABIL,7/29/2020,855,855,840,845,-1.05%,"45,527.00"
NABIL,7/28/2020,872,872,854,854,-0.93%,"51,916.00"
NABIL,7/27/2020,870,882,860,862,0.12%,"101,044.00"
NABIL,7/26/2020,860,870,853,861,1.29%,"58,534.00"
NABIL,7/23/2020,846,854,831,850,0.47%,"55,386.00"
NABIL,7/22/2020,860,875,846,846,-2.20%,"51,597.00"
NABIL,7/21/2020,885,886,857,865,-1.59%,"69,536.00"
NABIL,7/20/2020,912,955,816,879,1.15%,"118,430.00"
NABIL,7/19/2020,805,869,805,869,10.00%,711
NABIL,7/16/2020,775,790,774,790,3.27%,"38,787.00"
NABIL,7/15/2020,750,765,744,765,2.68%,"43,439.00"
NABIL,7/14/2020,756,760,742,745,0.40%,"29,973.00"
NABIL,7/13/2020,761,769,741,742,-0.67%,"28,339.00"
NABIL,7/12/2020,756,770,746,747,0.67%,"27,529.00"
NABIL,7/9/2020,745,749,725,742,0.13%,"30,119.00"
NABIL,7/8/2020,752,756,730,741,-0.40%,"30,143.00"
NABIL,7/7/2020,750,751,740,744,0.95%,"41,752.00"
NABIL,7/6/2020,725,740,715,737,1.10%,"32,963.00"
NABIL,7/5/2020,722,734,699,729,1.25%,"59,244.00"
NABIL,7/2/2020,785,785,702,720,-6.49%,"21,024.00"
NABIL,7/1/2020,725,770,725,770,6.21%,"15,536.00"
NABIL,6/30/2020,670,726,670,725,9.85%,"8,769.00"
NABIL,6/29/2020,627,659,594,660,0.00%,"40,720.00"
NABIL,5/13/2020,667,667,660,660,-2.94%,435
NABIL,5/12/2020,687,687,680,680,-3.00%,"2,295.00"
NABIL,3/22/2020,744,744,700,701,-3.97%,"15,101.00"
NABIL,3/19/2020,701,740,690,730,2.10%,"55,806.00"
NABIL,3/18/2020,731,739,700,715,-2.19%,"43,091.00"
NABIL,3/17/2020,765,765,721,731,-2.53%,"46,620.00"
NABIL,3/16/2020,741,764,723,750,0.00%,"55,501.00"
NABIL,3/15/2020,780,787,748,750,-5.06%,"70,304.00"
NABIL,3/12/2020,831,831,784,790,-3.07%,"65,403.00"
NABIL,3/11/2020,791,822,766,815,5.03%,"83,501.00"
NABIL,3/10/2020,824,824,776,776,-7.62%,"60,824.00"
NABIL,3/5/2020,831,852,813,840,-0.83%,"78,904.00"
NABIL,3/4/2020,888,888,838,847,-4.62%,"107,177.00"
NABIL,3/3/2020,850,910,815,888,4.47%,"150,206.00"
NABIL,3/2/2020,926,939,850,850,-9.57%,"68,203.00"
NABIL,3/1/2020,955,1000,936,940,-1.57%,"163,043.00"
NABIL,2/27/2020,861,955,845,955,9.77%,"167,082.00"
NABIL,2/26/2020,830,875,828,870,6.88%,"83,212.00"
NABIL,2/25/2020,805,814,779,814,1.75%,"37,640.00"
NABIL,2/24/2020,790,821,791,800,1.27%,"93,540.00"
NABIL,2/23/2020,758,804,758,790,4.64%,"65,129.00"
NABIL,2/20/2020,751,755,746,755,0.53%,"21,585.00"
NABIL,2/19/2020,752,753,746,751,-0.27%,"23,379.00"
NABIL,2/18/2020,764,765,744,753,0.40%,"47,604.00"
NABIL,2/17/2020,738,757,728,750,3.59%,"51,893.00"
NABIL,2/16/2020,726,726,719,724,0.14%,"17,985.00"
NABIL,2/13/2020,725,727,721,723,0.14%,"16,258.00"
NABIL,2/12/2020,729,729,721,722,-0.14%,"11,735.00"
NABIL,2/11/2020,716,730,715,723,0.42%,"27,491.00"
NABIL,2/10/2020,725,727,716,720,-0.14%,"23,380.00"
NABIL,2/9/2020,732,732,720,721,-0.69%,"18,422.00"
NABIL,2/6/2020,735,740,726,726,-1.09%,"15,362.00"
NABIL,2/5/2020,739,739,734,734,-0.68%,"20,827.00"
NABIL,2/4/2020,741,744,732,739,0.14%,"27,241.00"
NABIL,2/3/2020,757,758,733,738,-1.86%,"33,172.00"
NABIL,2/2/2020,740,754,740,752,2.17%,"37,634.00"
NABIL,1/30/2020,724,737,724,736,1.66%,"14,728.00"
NABIL,1/29/2020,727,732,721,724,-0.14%,"10,541.00"
NABIL,1/28/2020,734,735,725,725,0.69%,"15,203.00"
NABIL,1/27/2020,712,729,706,720,1.12%,"17,628.00"
NABIL,1/26/2020,727,727,709,710,-2.34%,"20,742.00"
NABIL,1/23/2020,745,745,722,727,-2.42%,"19,663.00"
NABIL,1/22/2020,750,756,745,745,-1.32%,"12,755.00"
NABIL,1/21/2020,767,767,749,755,-0.79%,"18,428.00"
NABIL,1/20/2020,779,780,755,760,-0.52%,"25,306.00"
NABIL,1/19/2020,760,766,757,764,1.73%,"22,863.00"
NABIL,1/16/2020,740,759,740,751,1.49%,"26,914.00"
NABIL,1/15/2020,735,743,733,740,1.37%,"11,175.00"
NABIL,1/14/2020,735,735,716,730,0.00%,"12,535.00"
NABIL,1/13/2020,734,749,726,730,0.55%,"40,571.00"
NABIL,1/12/2020,722,728,720,726,1.40%,"30,359.00"
NABIL,1/9/2020,711,723,711,716,-0.69%,"9,624.00"
NABIL,1/8/2020,725,725,715,721,-0.14%,"17,879.00"
NABIL,1/7/2020,725,734,719,722,1.26%,"24,397.00"
NABIL,1/6/2020,700,715,700,713,2.29%,"23,487.00"
NABIL,1/5/2020,690,699,690,697,1.75%,"17,152.00"
NABIL,1/2/2020,688,690,684,685,-0.72%,"20,018.00"
NABIL,1/1/2020,683,690,680,690,1.32%,"10,882.00"
NABIL,12/31/2019,679,682,676,681,0.89%,"15,116.00"
NABIL,12/30/2019,673,687,673,675,0.15%,"17,063.00"
NABIL,12/29/2019,678,679,673,674,-0.30%,"14,830.00"
NABIL,12/26/2019,667,677,665,676,1.05%,"14,538.00"
NABIL,12/25/2019,665,669,665,669,0.30%,"12,220.00"
NABIL,12/24/2019,662,670,660,667,-0.39%,"22,863.00"
NABIL,12/23/2019,760,762,750,750,-0.79%,"66,023.00"
NABIL,12/22/2019,755,760,750,756,0.40%,"34,362.00"
NABIL,12/19/2019,749,755,749,753,0.67%,"15,015.00"
NABIL,12/18/2019,748,750,742,748,0.67%,"15,298.00"
NABIL,12/17/2019,746,747,739,743,0.81%,"9,416.00"
NABIL,12/16/2019,750,750,737,737,-0.94%,"11,742.00"
NABIL,12/15/2019,755,755,748,752,0.40%,"9,306.00"
NABIL,12/12/2019,750,751,744,749,0.27%,"16,206.00"
NABIL,12/11/2019,745,750,743,747,0.54%,"8,847.00"
NABIL,12/10/2019,736,745,736,743,0.95%,"4,466.00"
NABIL,12/9/2019,730,749,730,736,0.96%,"5,466.00"
NABIL,12/8/2019,739,739,725,729,-0.14%,"11,013.00"
NABIL,12/5/2019,730,737,728,730,0.69%,"13,130.00"
NABIL,12/4/2019,727,729,725,725,0.00%,"9,772.00"
NABIL,12/3/2019,728,730,725,725,0.00%,"9,589.00"
NABIL,12/2/2019,726,726,723,725,0.28%,"6,572.00"
NABIL,12/1/2019,725,730,723,723,-0.28%,"24,232.00"
NABIL,11/28/2019,732,733,724,725,-0.96%,"15,634.00"
NABIL,11/27/2019,731,735,729,732,0.27%,"18,463.00"
NABIL,11/26/2019,726,735,725,730,0.41%,"8,682.00"
NABIL,11/25/2019,731,732,727,727,-0.41%,"10,567.00"
NABIL,11/24/2019,739,742,730,730,-1.35%,"12,391.00"
NABIL,11/21/2019,750,750,739,740,-1.33%,"7,681.00"
NABIL,11/20/2019,755,760,750,750,-0.40%,"29,088.00"
NABIL,11/19/2019,755,755,750,753,-0.26%,"18,207.00"
NABIL,11/18/2019,755,756,750,755,0.00%,"23,592.00"
NABIL,11/17/2019,753,755,745,755,0.80%,"7,383.00"
NABIL,11/14/2019,750,754,749,749,-0.13%,"3,797.00"
NABIL,11/13/2019,750,755,750,750,0.00%,"6,681.00"
NABIL,11/12/2019,760,765,749,750,-0.40%,"21,447.00"
NABIL,11/11/2019,759,765,750,753,-0.26%,"15,505.00"
NABIL,11/10/2019,760,763,753,755,0.00%,"10,153.00"
NABIL,11/7/2019,772,772,755,755,-1.69%,"23,312.00"
NABIL,11/6/2019,774,774,765,768,-0.26%,"13,493.00"
NABIL,11/5/2019,775,777,763,770,0.26%,"16,182.00"
NABIL,11/4/2019,764,780,762,768,1.05%,"25,965.00"
NABIL,11/3/2019,760,760,752,760,-0.13%,"8,041.00"
NABIL,10/31/2019,768,768,753,761,-0.91%,"6,352.00"
NABIL,10/24/2019,765,768,755,768,0.79%,"8,808.00"
NABIL,10/23/2019,756,765,756,762,0.79%,"3,122.00"
NABIL,10/22/2019,758,762,754,756,-0.26%,"17,493.00"
NABIL,10/21/2019,757,764,755,758,0.13%,"6,056.00"
NABIL,10/20/2019,766,766,756,757,-0.39%,"4,145.00"
NABIL,10/17/2019,762,765,759,760,-0.26%,"8,157.00"
NABIL,10/16/2019,768,768,754,762,-0.13%,"4,902.00"
NABIL,10/15/2019,765,765,760,763,-0.26%,"4,973.00"
NABIL,10/14/2019,770,770,757,765,-0.65%,"16,518.00"
NABIL,10/10/2019,765,773,765,770,0.13%,728
NABIL,10/3/2019,778,778,769,769,-0.39%,"5,226.00"
NABIL,10/2/2019,777,780,770,772,0.00%,"4,486.00"
NABIL,10/1/2019,763,777,761,772,1.58%,"2,719.00"
NABIL,9/30/2019,760,760,754,760,1.06%,"4,706.00"
NABIL,9/29/2019,760,760,751,752,-0.92%,"3,598.00"
NABIL,9/26/2019,760,762,755,759,0.00%,"3,989.00"
NABIL,9/24/2019,760,760,757,760,0.00%,"7,998.00"
NABIL,9/23/2019,761,768,760,760,-0.65%,"6,194.00"
NABIL,9/22/2019,768,770,762,765,-0.65%,"7,591.00"
NABIL,9/19/2019,784,784,770,770,-0.65%,"13,287.00"
NABIL,9/18/2019,765,780,762,775,3.33%,"7,924.00"
NABIL,9/17/2019,745,766,745,750,1.08%,"10,137.00"
NABIL,9/16/2019,756,756,742,742,-2.24%,"10,591.00"
NABIL,9/15/2019,770,775,759,759,-1.43%,"6,359.00"
NABIL,9/12/2019,770,771,765,770,-0.26%,"10,514.00"
NABIL,9/11/2019,765,772,765,772,0.39%,"4,673.00"
NABIL,9/10/2019,772,775,767,769,-0.90%,"7,569.00"
NABIL,9/9/2019,775,778,770,776,0.00%,"4,931.00"
NABIL,9/8/2019,778,781,775,776,-0.51%,"9,562.00"
NABIL,9/5/2019,792,792,777,780,0.39%,"8,861.00"
NABIL,9/4/2019,780,781,770,777,0.39%,"15,241.00"
NABIL,9/3/2019,758,775,750,774,2.11%,"8,894.00"
NABIL,9/2/2019,769,769,756,758,-1.43%,"6,969.00"
NABIL,9/1/2019,771,772,767,769,-0.13%,"9,261.00"
NABIL,8/29/2019,771,775,768,770,0.00%,"9,213.00"
NABIL,8/28/2019,780,790,770,770,-1.03%,"4,274.00"
NABIL,8/27/2019,772,780,771,778,0.39%,"5,949.00"
NABIL,8/26/2019,776,776,760,775,-0.13%,"23,330.00"
NABIL,8/25/2019,771,780,771,776,-0.13%,"7,386.00"
NABIL,8/22/2019,778,781,777,777,-0.13%,"7,473.00"
NABIL,8/21/2019,777,779,775,778,0.00%,"13,659.00"
NABIL,8/20/2019,782,782,777,778,0.00%,"12,518.00"
NABIL,8/19/2019,765,784,776,778,-0.13%,"10,297.00"
NABIL,8/18/2019,790,790,779,779,-0.64%,"12,387.00"
NABIL,8/15/2019,782,785,780,784,0.64%,"13,055.00"
NABIL,8/14/2019,784,784,775,779,-0.38%,"11,640.00"
NABIL,8/13/2019,785,785,781,782,-0.13%,"6,190.00"
NABIL,8/12/2019,782,788,782,783,-0.13%,"5,650.00"
NABIL,8/11/2019,788,788,781,784,-0.76%,"9,920.00"
NABIL,8/8/2019,794,796,787,790,0.00%,"10,432.00"
NABIL,8/7/2019,790,795,784,790,0.00%,"9,174.00"
NABIL,8/6/2019,795,795,789,790,-1.25%,"13,321.00"
NABIL,8/5/2019,795,800,795,800,0.13%,"9,946.00"
NABIL,8/4/2019,802,803,796,799,-0.25%,"11,095.00"
NABIL,8/1/2019,802,805,800,801,0.12%,"11,281.00"
NABIL,7/31/2019,800,805,800,800,-0.12%,"9,199.00"
NABIL,7/30/2019,803,805,800,801,-0.25%,"10,926.00"
NABIL,7/29/2019,800,805,798,803,0.75%,"10,970.00"
NABIL,7/28/2019,808,808,796,797,-0.99%,"17,431.00"
NABIL,7/25/2019,807,811,800,805,-0.86%,"11,336.00"
NABIL,7/24/2019,815,815,805,812,0.50%,"17,884.00"
NABIL,7/23/2019,810,810,802,808,0.37%,"13,387.00"
NABIL,7/22/2019,810,819,803,805,0.50%,"19,698.00"
NABIL,7/21/2019,808,810,800,801,-1.35%,"19,195.00"
NABIL,7/18/2019,820,820,808,812,-0.12%,"15,304.00"
NABIL,7/17/2019,800,814,800,813,1.62%,"17,512.00"
NABIL,7/16/2019,838,838,792,800,0.13%,"25,920.00"
NABIL,7/15/2019,826,833,799,799,-3.15%,"30,861.00"
NABIL,7/14/2019,824,827,820,825,0.24%,"3,781.00"
NABIL,7/11/2019,813,824,813,823,1.48%,"8,966.00"
NABIL,7/10/2019,803,815,801,811,0.62%,"9,931.00"
NABIL,7/9/2019,787,806,786,806,2.41%,"11,678.00"
NABIL,7/8/2019,790,790,785,787,-0.38%,"4,253.00"
NABIL,7/7/2019,800,805,790,790,-1.00%,"6,481.00"
NABIL,7/4/2019,796,800,795,798,0.38%,"10,401.00"
